,GEO.id,GEO.id2,GEO.display-label,HD01_VD01,HD02_VD01,income
0,Id,Id2,Geography,Estimate; Total,Margin of Error; Total,Estimate; Per capita income in the past 12 months (in 2017 inflation-adjusted dollars)
1,1500000US131210001001,131210001001,"Block Group 1, Census Tract 1, Fulton County, Georgia",1257,262,68849
2,1500000US131210001002,131210001002,"Block Group 2, Census Tract 1, Fulton County, Georgia",867,294,89421
3,1500000US131210001003,131210001003,"Block Group 3, Census Tract 1, Fulton County, Georgia",1777,244,109154
4,1500000US131210001004,131210001004,"Block Group 4, Census Tract 1, Fulton County, Georgia",1282,263,82369
5,1500000US131210002001,131210002001,"Block Group 1, Census Tract 2, Fulton County, Georgia",1549,326,70460
6,1500000US131210002002,131210002002,"Block Group 2, Census Tract 2, Fulton County, Georgia",1430,311,88784
7,1500000US131210002003,131210002003,"Block Group 3, Census Tract 2, Fulton County, Georgia",1003,269,84195
8,1500000US131210002004,131210002004,"Block Group 4, Census Tract 2, Fulton County, Georgia",1232,329,82675
9,1500000US131210002005,131210002005,"Block Group 5, Census Tract 2, Fulton County, Georgia",1068,314,90497
10,1500000US131210004001,131210004001,"Block Group 1, Census Tract 4, Fulton County, Georgia",712,175,68603
11,1500000US131210004002,131210004002,"Block Group 2, Census Tract 4, Fulton County, Georgia",1093,198,89189
12,1500000US131210005001,131210005001,"Block Group 1, Census Tract 5, Fulton County, Georgia",2940,602,58452
13,1500000US131210005002,131210005002,"Block Group 2, Census Tract 5, Fulton County, Georgia",1292,449,67006
14,1500000US131210005003,131210005003,"Block Group 3, Census Tract 5, Fulton County, Georgia",1340,421,75102
15,1500000US131210006001,131210006001,"Block Group 1, Census Tract 6, Fulton County, Georgia",6350,709,27025
16,1500000US131210007001,131210007001,"Block Group 1, Census Tract 7, Fulton County, Georgia",2304,143,12718
17,1500000US131210007002,131210007002,"Block Group 2, Census Tract 7, Fulton County, Georgia",817,121,40896
18,1500000US131210010011,131210010011,"Block Group 1, Census Tract 10.01, Fulton County, Georgia",1693,533,12970
19,1500000US131210010012,131210010012,"Block Group 2, Census Tract 10.01, Fulton County, Georgia",1047,137,75467
20,1500000US131210010021,131210010021,"Block Group 1, Census Tract 10.02, Fulton County, Georgia",6998,510,4990
21,1500000US131210011001,131210011001,"Block Group 1, Census Tract 11, Fulton County, Georgia",1092,207,88090
22,1500000US131210011002,131210011002,"Block Group 2, Census Tract 11, Fulton County, Georgia",930,237,94476
23,1500000US131210011003,131210011003,"Block Group 3, Census Tract 11, Fulton County, Georgia",2334,328,107888
24,1500000US131210012011,131210012011,"Block Group 1, Census Tract 12.01, Fulton County, Georgia",1841,242,70927
25,1500000US131210012012,131210012012,"Block Group 2, Census Tract 12.01, Fulton County, Georgia",2189,387,52823
26,1500000US131210012021,131210012021,"Block Group 1, Census Tract 12.02, Fulton County, Georgia",2874,333,87404
27,1500000US131210012022,131210012022,"Block Group 2, Census Tract 12.02, Fulton County, Georgia",1267,316,50158
28,1500000US131210013001,131210013001,"Block Group 1, Census Tract 13, Fulton County, Georgia",2343,509,48573
29,1500000US131210013002,131210013002,"Block Group 2, Census Tract 13, Fulton County, Georgia",929,242,60710
30,1500000US131210013003,131210013003,"Block Group 3, Census Tract 13, Fulton County, Georgia",1383,294,36231
31,1500000US131210014001,131210014001,"Block Group 1, Census Tract 14, Fulton County, Georgia",1431,163,64646
32,1500000US131210014002,131210014002,"Block Group 2, Census Tract 14, Fulton County, Georgia",850,249,63035
33,1500000US131210015001,131210015001,"Block Group 1, Census Tract 15, Fulton County, Georgia",1355,415,52270
34,1500000US131210015002,131210015002,"Block Group 2, Census Tract 15, Fulton County, Georgia",1554,481,59427
35,1500000US131210015003,131210015003,"Block Group 3, Census Tract 15, Fulton County, Georgia",718,205,51246
36,1500000US131210015004,131210015004,"Block Group 4, Census Tract 15, Fulton County, Georgia",1010,284,65457
37,1500000US131210016001,131210016001,"Block Group 1, Census Tract 16, Fulton County, Georgia",2304,291,53146
38,1500000US131210017001,131210017001,"Block Group 1, Census Tract 17, Fulton County, Georgia",3817,440,48640
39,1500000US131210017002,131210017002,"Block Group 2, Census Tract 17, Fulton County, Georgia",622,217,22714
40,1500000US131210018001,131210018001,"Block Group 1, Census Tract 18, Fulton County, Georgia",2682,369,45581
41,1500000US131210018002,131210018002,"Block Group 2, Census Tract 18, Fulton County, Georgia",802,289,9006
42,1500000US131210018003,131210018003,"Block Group 3, Census Tract 18, Fulton County, Georgia",852,175,41888
43,1500000US131210019001,131210019001,"Block Group 1, Census Tract 19, Fulton County, Georgia",3075,257,4785
44,1500000US131210019002,131210019002,"Block Group 2, Census Tract 19, Fulton County, Georgia",2113,399,63872
45,1500000US131210021001,131210021001,"Block Group 1, Census Tract 21, Fulton County, Georgia",2640,342,31079
46,1500000US131210023001,131210023001,"Block Group 1, Census Tract 23, Fulton County, Georgia",488,193,12032
47,1500000US131210023002,131210023002,"Block Group 2, Census Tract 23, Fulton County, Georgia",497,224,16546
48,1500000US131210023003,131210023003,"Block Group 3, Census Tract 23, Fulton County, Georgia",515,141,11342
49,1500000US131210024001,131210024001,"Block Group 1, Census Tract 24, Fulton County, Georgia",1550,363,18607
50,1500000US131210024002,131210024002,"Block Group 2, Census Tract 24, Fulton County, Georgia",1095,335,16223
51,1500000US131210025001,131210025001,"Block Group 1, Census Tract 25, Fulton County, Georgia",1694,310,17647
52,1500000US131210025002,131210025002,"Block Group 2, Census Tract 25, Fulton County, Georgia",577,188,15651
53,1500000US131210026001,131210026001,"Block Group 1, Census Tract 26, Fulton County, Georgia",1777,237,14671
54,1500000US131210028001,131210028001,"Block Group 1, Census Tract 28, Fulton County, Georgia",4470,327,16060
55,1500000US131210028002,131210028002,"Block Group 2, Census Tract 28, Fulton County, Georgia",535,224,12653
56,1500000US131210029001,131210029001,"Block Group 1, Census Tract 29, Fulton County, Georgia",2385,302,49279
57,1500000US131210030001,131210030001,"Block Group 1, Census Tract 30, Fulton County, Georgia",1859,224,81519
58,1500000US131210030002,131210030002,"Block Group 2, Census Tract 30, Fulton County, Georgia",1466,255,69323
59,1500000US131210031001,131210031001,"Block Group 1, Census Tract 31, Fulton County, Georgia",917,166,46146
60,1500000US131210031002,131210031002,"Block Group 2, Census Tract 31, Fulton County, Georgia",1057,196,30194
61,1500000US131210032001,131210032001,"Block Group 1, Census Tract 32, Fulton County, Georgia",2251,215,52966
62,1500000US131210035001,131210035001,"Block Group 1, Census Tract 35, Fulton County, Georgia",759,231,23680
63,1500000US131210035002,131210035002,"Block Group 2, Census Tract 35, Fulton County, Georgia",1416,372,22342
64,1500000US131210036001,131210036001,"Block Group 1, Census Tract 36, Fulton County, Georgia",1358,178,30957
65,1500000US131210037001,131210037001,"Block Group 1, Census Tract 37, Fulton County, Georgia",136,63,19412
66,1500000US131210038001,131210038001,"Block Group 1, Census Tract 38, Fulton County, Georgia",4091,433,4320
67,1500000US131210039001,131210039001,"Block Group 1, Census Tract 39, Fulton County, Georgia",1380,376,14609
68,1500000US131210039002,131210039002,"Block Group 2, Census Tract 39, Fulton County, Georgia",1142,378,13286
69,1500000US131210040001,131210040001,"Block Group 1, Census Tract 40, Fulton County, Georgia",1207,299,18351
70,1500000US131210040002,131210040002,"Block Group 2, Census Tract 40, Fulton County, Georgia",723,227,13366
71,1500000US131210040003,131210040003,"Block Group 3, Census Tract 40, Fulton County, Georgia",592,205,16174
72,1500000US131210041001,131210041001,"Block Group 1, Census Tract 41, Fulton County, Georgia",840,449,11063
73,1500000US131210041002,131210041002,"Block Group 2, Census Tract 41, Fulton County, Georgia",646,268,18397
74,1500000US131210041003,131210041003,"Block Group 3, Census Tract 41, Fulton County, Georgia",641,202,23553
75,1500000US131210042001,131210042001,"Block Group 1, Census Tract 42, Fulton County, Georgia",445,129,14816
76,1500000US131210042002,131210042002,"Block Group 2, Census Tract 42, Fulton County, Georgia",2101,339,19516
77,1500000US131210043001,131210043001,"Block Group 1, Census Tract 43, Fulton County, Georgia",1620,241,3428
78,1500000US131210043002,131210043002,"Block Group 2, Census Tract 43, Fulton County, Georgia",1440,170,26868
79,1500000US131210044001,131210044001,"Block Group 1, Census Tract 44, Fulton County, Georgia",2516,437,11717
80,1500000US131210048001,131210048001,"Block Group 1, Census Tract 48, Fulton County, Georgia",1158,187,13461
81,1500000US131210049001,131210049001,"Block Group 1, Census Tract 49, Fulton County, Georgia",1116,268,31268
82,1500000US131210049002,131210049002,"Block Group 2, Census Tract 49, Fulton County, Georgia",1449,233,52773
83,1500000US131210050001,131210050001,"Block Group 1, Census Tract 50, Fulton County, Georgia",2013,203,51327
84,1500000US131210052001,131210052001,"Block Group 1, Census Tract 52, Fulton County, Georgia",957,239,43125
85,1500000US131210052002,131210052002,"Block Group 2, Census Tract 52, Fulton County, Georgia",1107,332,42368
86,1500000US131210052003,131210052003,"Block Group 3, Census Tract 52, Fulton County, Georgia",3597,606,51412
87,1500000US131210053001,131210053001,"Block Group 1, Census Tract 53, Fulton County, Georgia",1818,293,48586
88,1500000US131210053002,131210053002,"Block Group 2, Census Tract 53, Fulton County, Georgia",1259,225,55997
89,1500000US131210053003,131210053003,"Block Group 3, Census Tract 53, Fulton County, Georgia",542,135,65650
90,1500000US131210055011,131210055011,"Block Group 1, Census Tract 55.01, Fulton County, Georgia",813,204,24094
91,1500000US131210055012,131210055012,"Block Group 2, Census Tract 55.01, Fulton County, Georgia",1485,310,17492
92,1500000US131210055021,131210055021,"Block Group 1, Census Tract 55.02, Fulton County, Georgia",2523,380,14358
93,1500000US131210057001,131210057001,"Block Group 1, Census Tract 57, Fulton County, Georgia",1708,244,13948
94,1500000US131210058001,131210058001,"Block Group 1, Census Tract 58, Fulton County, Georgia",1924,303,17635
95,1500000US131210060001,131210060001,"Block Group 1, Census Tract 60, Fulton County, Georgia",657,291,15475
96,1500000US131210060002,131210060002,"Block Group 2, Census Tract 60, Fulton County, Georgia",982,368,22865
97,1500000US131210060003,131210060003,"Block Group 3, Census Tract 60, Fulton County, Georgia",1057,324,14864
98,1500000US131210060004,131210060004,"Block Group 4, Census Tract 60, Fulton County, Georgia",947,292,19802
99,1500000US131210061001,131210061001,"Block Group 1, Census Tract 61, Fulton County, Georgia",482,267,15218
100,1500000US131210061002,131210061002,"Block Group 2, Census Tract 61, Fulton County, Georgia",1531,394,11407
101,1500000US131210061003,131210061003,"Block Group 3, Census Tract 61, Fulton County, Georgia",900,267,21859
102,1500000US131210061004,131210061004,"Block Group 4, Census Tract 61, Fulton County, Georgia",845,323,16618
103,1500000US131210062001,131210062001,"Block Group 1, Census Tract 62, Fulton County, Georgia",1137,206,16487
104,1500000US131210062002,131210062002,"Block Group 2, Census Tract 62, Fulton County, Georgia",527,192,14713
105,1500000US131210063001,131210063001,"Block Group 1, Census Tract 63, Fulton County, Georgia",925,215,16418
106,1500000US131210063002,131210063002,"Block Group 2, Census Tract 63, Fulton County, Georgia",459,166,35355
107,1500000US131210064001,131210064001,"Block Group 1, Census Tract 64, Fulton County, Georgia",1075,202,18286
108,1500000US131210065001,131210065001,"Block Group 1, Census Tract 65, Fulton County, Georgia",731,179,88415
109,1500000US131210065002,131210065002,"Block Group 2, Census Tract 65, Fulton County, Georgia",1447,638,16160
110,1500000US131210065003,131210065003,"Block Group 3, Census Tract 65, Fulton County, Georgia",435,232,17446
111,1500000US131210065004,131210065004,"Block Group 4, Census Tract 65, Fulton County, Georgia",2113,686,14439
112,1500000US131210066011,131210066011,"Block Group 1, Census Tract 66.01, Fulton County, Georgia",725,206,15712
113,1500000US131210066012,131210066012,"Block Group 2, Census Tract 66.01, Fulton County, Georgia",1362,291,21839
114,1500000US131210066021,131210066021,"Block Group 1, Census Tract 66.02, Fulton County, Georgia",1356,250,11088
115,1500000US131210067001,131210067001,"Block Group 1, Census Tract 67, Fulton County, Georgia",744,417,9141
116,1500000US131210067002,131210067002,"Block Group 2, Census Tract 67, Fulton County, Georgia",1609,493,17427
117,1500000US131210067003,131210067003,"Block Group 3, Census Tract 67, Fulton County, Georgia",1698,438,18042
118,1500000US131210068011,131210068011,"Block Group 1, Census Tract 68.01, Fulton County, Georgia",2494,345,12108
119,1500000US131210068021,131210068021,"Block Group 1, Census Tract 68.02, Fulton County, Georgia",2180,282,5558
120,1500000US131210069001,131210069001,"Block Group 1, Census Tract 69, Fulton County, Georgia",1318,356,26838
121,1500000US131210069002,131210069002,"Block Group 2, Census Tract 69, Fulton County, Georgia",1160,364,30229
122,1500000US131210069003,131210069003,"Block Group 3, Census Tract 69, Fulton County, Georgia",1383,298,31050
123,1500000US131210070011,131210070011,"Block Group 1, Census Tract 70.01, Fulton County, Georgia",1937,584,11782
124,1500000US131210070012,131210070012,"Block Group 2, Census Tract 70.01, Fulton County, Georgia",1417,614,11351
125,1500000US131210070013,131210070013,"Block Group 3, Census Tract 70.01, Fulton County, Georgia",1443,384,13080
126,1500000US131210070021,131210070021,"Block Group 1, Census Tract 70.02, Fulton County, Georgia",772,296,17428
127,1500000US131210070022,131210070022,"Block Group 2, Census Tract 70.02, Fulton County, Georgia",949,411,16210
128,1500000US131210070023,131210070023,"Block Group 3, Census Tract 70.02, Fulton County, Georgia",487,272,26717
129,1500000US131210070024,131210070024,"Block Group 4, Census Tract 70.02, Fulton County, Georgia",340,267,15004
130,1500000US131210071001,131210071001,"Block Group 1, Census Tract 71, Fulton County, Georgia",1066,236,16541
131,1500000US131210071002,131210071002,"Block Group 2, Census Tract 71, Fulton County, Georgia",1200,354,16620
132,1500000US131210072001,131210072001,"Block Group 1, Census Tract 72, Fulton County, Georgia",1932,412,12949
133,1500000US131210072002,131210072002,"Block Group 2, Census Tract 72, Fulton County, Georgia",375,173,13992
134,1500000US131210073001,131210073001,"Block Group 1, Census Tract 73, Fulton County, Georgia",3260,893,15526
135,1500000US131210073002,131210073002,"Block Group 2, Census Tract 73, Fulton County, Georgia",3165,630,11741
136,1500000US131210073003,131210073003,"Block Group 3, Census Tract 73, Fulton County, Georgia",1455,649,24362
137,1500000US131210074001,131210074001,"Block Group 1, Census Tract 74, Fulton County, Georgia",1667,560,8730
138,1500000US131210074002,131210074002,"Block Group 2, Census Tract 74, Fulton County, Georgia",1768,448,12218
139,1500000US131210075001,131210075001,"Block Group 1, Census Tract 75, Fulton County, Georgia",1009,331,17335
140,1500000US131210075002,131210075002,"Block Group 2, Census Tract 75, Fulton County, Georgia",275,94,14615
141,1500000US131210075003,131210075003,"Block Group 3, Census Tract 75, Fulton County, Georgia",1167,245,19953
142,1500000US131210075004,131210075004,"Block Group 4, Census Tract 75, Fulton County, Georgia",829,255,18964
143,1500000US131210076021,131210076021,"Block Group 1, Census Tract 76.02, Fulton County, Georgia",687,214,14306
144,1500000US131210076022,131210076022,"Block Group 2, Census Tract 76.02, Fulton County, Georgia",1124,344,20395
145,1500000US131210076023,131210076023,"Block Group 3, Census Tract 76.02, Fulton County, Georgia",926,169,24284
146,1500000US131210076031,131210076031,"Block Group 1, Census Tract 76.03, Fulton County, Georgia",2033,758,9345
147,1500000US131210076032,131210076032,"Block Group 2, Census Tract 76.03, Fulton County, Georgia",1561,451,7129
148,1500000US131210076033,131210076033,"Block Group 3, Census Tract 76.03, Fulton County, Georgia",1019,359,17368
149,1500000US131210076041,131210076041,"Block Group 1, Census Tract 76.04, Fulton County, Georgia",2536,533,16403
150,1500000US131210077031,131210077031,"Block Group 1, Census Tract 77.03, Fulton County, Georgia",1121,364,25266
151,1500000US131210077032,131210077032,"Block Group 2, Census Tract 77.03, Fulton County, Georgia",1771,363,29985
152,1500000US131210077033,131210077033,"Block Group 3, Census Tract 77.03, Fulton County, Georgia",1511,417,17570
153,1500000US131210077041,131210077041,"Block Group 1, Census Tract 77.04, Fulton County, Georgia",1459,549,8626
154,1500000US131210077042,131210077042,"Block Group 2, Census Tract 77.04, Fulton County, Georgia",2265,581,14880
155,1500000US131210077043,131210077043,"Block Group 3, Census Tract 77.04, Fulton County, Georgia",2128,487,27775
156,1500000US131210077051,131210077051,"Block Group 1, Census Tract 77.05, Fulton County, Georgia",2282,545,12254
157,1500000US131210077052,131210077052,"Block Group 2, Census Tract 77.05, Fulton County, Georgia",2336,440,17332
158,1500000US131210077061,131210077061,"Block Group 1, Census Tract 77.06, Fulton County, Georgia",1602,416,21738
159,1500000US131210077062,131210077062,"Block Group 2, Census Tract 77.06, Fulton County, Georgia",2781,697,26417
160,1500000US131210077063,131210077063,"Block Group 3, Census Tract 77.06, Fulton County, Georgia",5210,1142,23008
161,1500000US131210078021,131210078021,"Block Group 1, Census Tract 78.02, Fulton County, Georgia",5025,1090,20270
162,1500000US131210078022,131210078022,"Block Group 2, Census Tract 78.02, Fulton County, Georgia",2863,922,28593
163,1500000US131210078023,131210078023,"Block Group 3, Census Tract 78.02, Fulton County, Georgia",936,632,27615
164,1500000US131210078024,131210078024,"Block Group 4, Census Tract 78.02, Fulton County, Georgia",1578,542,47439
165,1500000US131210078051,131210078051,"Block Group 1, Census Tract 78.05, Fulton County, Georgia",1786,713,13721
166,1500000US131210078052,131210078052,"Block Group 2, Census Tract 78.05, Fulton County, Georgia",1754,532,28102
167,1500000US131210078061,131210078061,"Block Group 1, Census Tract 78.06, Fulton County, Georgia",1686,561,14730
168,1500000US131210078062,131210078062,"Block Group 2, Census Tract 78.06, Fulton County, Georgia",4143,1004,15134
169,1500000US131210078063,131210078063,"Block Group 3, Census Tract 78.06, Fulton County, Georgia",1206,512,18331
170,1500000US131210078071,131210078071,"Block Group 1, Census Tract 78.07, Fulton County, Georgia",2684,840,7996
171,1500000US131210078072,131210078072,"Block Group 2, Census Tract 78.07, Fulton County, Georgia",880,335,17333
172,1500000US131210078081,131210078081,"Block Group 1, Census Tract 78.08, Fulton County, Georgia",2047,390,10757
173,1500000US131210078082,131210078082,"Block Group 2, Census Tract 78.08, Fulton County, Georgia",2400,485,8025
174,1500000US131210079001,131210079001,"Block Group 1, Census Tract 79, Fulton County, Georgia",1551,500,29741
175,1500000US131210079002,131210079002,"Block Group 2, Census Tract 79, Fulton County, Georgia",1007,473,28971
176,1500000US131210079003,131210079003,"Block Group 3, Census Tract 79, Fulton County, Georgia",2897,710,33412
177,1500000US131210080001,131210080001,"Block Group 1, Census Tract 80, Fulton County, Georgia",1278,558,16032
178,1500000US131210080002,131210080002,"Block Group 2, Census Tract 80, Fulton County, Georgia",1359,499,15004
179,1500000US131210080003,131210080003,"Block Group 3, Census Tract 80, Fulton County, Georgia",588,283,15164
180,1500000US131210080004,131210080004,"Block Group 4, Census Tract 80, Fulton County, Georgia",1423,429,20955
181,1500000US131210080005,131210080005,"Block Group 5, Census Tract 80, Fulton County, Georgia",1317,388,27449
182,1500000US131210081011,131210081011,"Block Group 1, Census Tract 81.01, Fulton County, Georgia",1301,202,14935
183,1500000US131210081021,131210081021,"Block Group 1, Census Tract 81.02, Fulton County, Georgia",1084,448,11849
184,1500000US131210081022,131210081022,"Block Group 2, Census Tract 81.02, Fulton County, Georgia",1156,530,22297
185,1500000US131210081023,131210081023,"Block Group 3, Census Tract 81.02, Fulton County, Georgia",2069,570,15509
186,1500000US131210081024,131210081024,"Block Group 4, Census Tract 81.02, Fulton County, Georgia",2567,620,12736
187,1500000US131210082011,131210082011,"Block Group 1, Census Tract 82.01, Fulton County, Georgia",2576,1164,17126
188,1500000US131210082012,131210082012,"Block Group 2, Census Tract 82.01, Fulton County, Georgia",2301,551,28189
189,1500000US131210082013,131210082013,"Block Group 3, Census Tract 82.01, Fulton County, Georgia",678,253,19629
190,1500000US131210082021,131210082021,"Block Group 1, Census Tract 82.02, Fulton County, Georgia",918,231,12910
191,1500000US131210082022,131210082022,"Block Group 2, Census Tract 82.02, Fulton County, Georgia",877,186,16860
192,1500000US131210082023,131210082023,"Block Group 3, Census Tract 82.02, Fulton County, Georgia",295,131,17059
193,1500000US131210082024,131210082024,"Block Group 4, Census Tract 82.02, Fulton County, Georgia",0,13,-
194,1500000US131210083011,131210083011,"Block Group 1, Census Tract 83.01, Fulton County, Georgia",1499,372,19404
195,1500000US131210083012,131210083012,"Block Group 2, Census Tract 83.01, Fulton County, Georgia",1057,421,12507
196,1500000US131210083021,131210083021,"Block Group 1, Census Tract 83.02, Fulton County, Georgia",626,179,14715
197,1500000US131210083022,131210083022,"Block Group 2, Census Tract 83.02, Fulton County, Georgia",1027,193,20621
198,1500000US131210084001,131210084001,"Block Group 1, Census Tract 84, Fulton County, Georgia",1018,322,20768
199,1500000US131210084002,131210084002,"Block Group 2, Census Tract 84, Fulton County, Georgia",753,274,13585
200,1500000US131210084003,131210084003,"Block Group 3, Census Tract 84, Fulton County, Georgia",1014,330,16536
201,1500000US131210085001,131210085001,"Block Group 1, Census Tract 85, Fulton County, Georgia",533,252,15230
202,1500000US131210085002,131210085002,"Block Group 2, Census Tract 85, Fulton County, Georgia",713,233,15991
203,1500000US131210085003,131210085003,"Block Group 3, Census Tract 85, Fulton County, Georgia",1300,472,17408
204,1500000US131210086011,131210086011,"Block Group 1, Census Tract 86.01, Fulton County, Georgia",1758,402,6919
205,1500000US131210086012,131210086012,"Block Group 2, Census Tract 86.01, Fulton County, Georgia",686,270,20656
206,1500000US131210086013,131210086013,"Block Group 3, Census Tract 86.01, Fulton County, Georgia",1177,297,15079
207,1500000US131210086014,131210086014,"Block Group 4, Census Tract 86.01, Fulton County, Georgia",322,130,17237
208,1500000US131210086021,131210086021,"Block Group 1, Census Tract 86.02, Fulton County, Georgia",1025,215,20822
209,1500000US131210086022,131210086022,"Block Group 2, Census Tract 86.02, Fulton County, Georgia",323,140,15842
210,1500000US131210087001,131210087001,"Block Group 1, Census Tract 87, Fulton County, Georgia",834,308,19348
211,1500000US131210087002,131210087002,"Block Group 2, Census Tract 87, Fulton County, Georgia",743,355,13483
212,1500000US131210087003,131210087003,"Block Group 3, Census Tract 87, Fulton County, Georgia",1813,743,18760
213,1500000US131210087004,131210087004,"Block Group 4, Census Tract 87, Fulton County, Georgia",1788,327,28222
214,1500000US131210088001,131210088001,"Block Group 1, Census Tract 88, Fulton County, Georgia",3491,590,46594
215,1500000US131210088002,131210088002,"Block Group 2, Census Tract 88, Fulton County, Georgia",1174,337,47471
216,1500000US131210089021,131210089021,"Block Group 1, Census Tract 89.02, Fulton County, Georgia",1938,353,49102
217,1500000US131210089022,131210089022,"Block Group 2, Census Tract 89.02, Fulton County, Georgia",738,234,44675
218,1500000US131210089023,131210089023,"Block Group 3, Census Tract 89.02, Fulton County, Georgia",1740,426,38870
219,1500000US131210089024,131210089024,"Block Group 4, Census Tract 89.02, Fulton County, Georgia",2350,536,39170
220,1500000US131210089031,131210089031,"Block Group 1, Census Tract 89.03, Fulton County, Georgia",1824,337,36497
221,1500000US131210089041,131210089041,"Block Group 1, Census Tract 89.04, Fulton County, Georgia",1243,234,75658
222,1500000US131210089042,131210089042,"Block Group 2, Census Tract 89.04, Fulton County, Georgia",1866,317,43265
223,1500000US131210089043,131210089043,"Block Group 3, Census Tract 89.04, Fulton County, Georgia",1780,311,65822
224,1500000US131210090001,131210090001,"Block Group 1, Census Tract 90, Fulton County, Georgia",1443,207,86330
225,1500000US131210090002,131210090002,"Block Group 2, Census Tract 90, Fulton County, Georgia",1789,255,80306
226,1500000US131210090003,131210090003,"Block Group 3, Census Tract 90, Fulton County, Georgia",2016,295,51762
227,1500000US131210091011,131210091011,"Block Group 1, Census Tract 91.01, Fulton County, Georgia",1139,210,57938
228,1500000US131210091012,131210091012,"Block Group 2, Census Tract 91.01, Fulton County, Georgia",1553,339,63987
229,1500000US131210091013,131210091013,"Block Group 3, Census Tract 91.01, Fulton County, Georgia",604,271,52114
230,1500000US131210091014,131210091014,"Block Group 4, Census Tract 91.01, Fulton County, Georgia",1255,319,94871
231,1500000US131210091021,131210091021,"Block Group 1, Census Tract 91.02, Fulton County, Georgia",625,241,110831
232,1500000US131210091022,131210091022,"Block Group 2, Census Tract 91.02, Fulton County, Georgia",745,262,60881
233,1500000US131210091023,131210091023,"Block Group 3, Census Tract 91.02, Fulton County, Georgia",1790,306,77729
234,1500000US131210092001,131210092001,"Block Group 1, Census Tract 92, Fulton County, Georgia",2820,467,48134
235,1500000US131210092002,131210092002,"Block Group 2, Census Tract 92, Fulton County, Georgia",2269,542,26518
236,1500000US131210092003,131210092003,"Block Group 3, Census Tract 92, Fulton County, Georgia",1711,382,49185
237,1500000US131210093001,131210093001,"Block Group 1, Census Tract 93, Fulton County, Georgia",1034,306,67205
238,1500000US131210093002,131210093002,"Block Group 2, Census Tract 93, Fulton County, Georgia",1379,263,57147
239,1500000US131210093003,131210093003,"Block Group 3, Census Tract 93, Fulton County, Georgia",1614,303,66546
240,1500000US131210093004,131210093004,"Block Group 4, Census Tract 93, Fulton County, Georgia",889,281,87065
241,1500000US131210094021,131210094021,"Block Group 1, Census Tract 94.02, Fulton County, Georgia",3184,411,46081
242,1500000US131210094022,131210094022,"Block Group 2, Census Tract 94.02, Fulton County, Georgia",1773,369,45618
243,1500000US131210094031,131210094031,"Block Group 1, Census Tract 94.03, Fulton County, Georgia",2402,384,32796
244,1500000US131210094032,131210094032,"Block Group 2, Census Tract 94.03, Fulton County, Georgia",1396,382,37106
245,1500000US131210094033,131210094033,"Block Group 3, Census Tract 94.03, Fulton County, Georgia",1035,339,29252
246,1500000US131210094041,131210094041,"Block Group 1, Census Tract 94.04, Fulton County, Georgia",2333,407,81271
247,1500000US131210094042,131210094042,"Block Group 2, Census Tract 94.04, Fulton County, Georgia",1838,316,65181
248,1500000US131210094043,131210094043,"Block Group 3, Census Tract 94.04, Fulton County, Georgia",304,200,97375
249,1500000US131210095011,131210095011,"Block Group 1, Census Tract 95.01, Fulton County, Georgia",435,111,110289
250,1500000US131210095012,131210095012,"Block Group 2, Census Tract 95.01, Fulton County, Georgia",1933,311,117257
251,1500000US131210095013,131210095013,"Block Group 3, Census Tract 95.01, Fulton County, Georgia",1263,202,142039
252,1500000US131210095021,131210095021,"Block Group 1, Census Tract 95.02, Fulton County, Georgia",736,254,65956
253,1500000US131210095022,131210095022,"Block Group 2, Census Tract 95.02, Fulton County, Georgia",153,130,24302
254,1500000US131210095023,131210095023,"Block Group 3, Census Tract 95.02, Fulton County, Georgia",1447,405,100894
255,1500000US131210095024,131210095024,"Block Group 4, Census Tract 95.02, Fulton County, Georgia",1256,288,56823
256,1500000US131210096011,131210096011,"Block Group 1, Census Tract 96.01, Fulton County, Georgia",1027,170,90041
257,1500000US131210096012,131210096012,"Block Group 2, Census Tract 96.01, Fulton County, Georgia",1643,224,50826
258,1500000US131210096021,131210096021,"Block Group 1, Census Tract 96.02, Fulton County, Georgia",1377,312,66885
259,1500000US131210096022,131210096022,"Block Group 2, Census Tract 96.02, Fulton County, Georgia",1971,277,91043
260,1500000US131210096023,131210096023,"Block Group 3, Census Tract 96.02, Fulton County, Georgia",1605,357,72052
261,1500000US131210096031,131210096031,"Block Group 1, Census Tract 96.03, Fulton County, Georgia",1293,224,78521
262,1500000US131210096032,131210096032,"Block Group 2, Census Tract 96.03, Fulton County, Georgia",1409,275,97631
263,1500000US131210096033,131210096033,"Block Group 3, Census Tract 96.03, Fulton County, Georgia",1699,357,85816
264,1500000US131210097001,131210097001,"Block Group 1, Census Tract 97, Fulton County, Georgia",969,339,94267
265,1500000US131210097002,131210097002,"Block Group 2, Census Tract 97, Fulton County, Georgia",1141,264,132019
266,1500000US131210097003,131210097003,"Block Group 3, Census Tract 97, Fulton County, Georgia",1745,299,112090
267,1500000US131210098011,131210098011,"Block Group 1, Census Tract 98.01, Fulton County, Georgia",1815,256,82332
268,1500000US131210098012,131210098012,"Block Group 2, Census Tract 98.01, Fulton County, Georgia",1431,274,85148
269,1500000US131210098013,131210098013,"Block Group 3, Census Tract 98.01, Fulton County, Georgia",1541,331,95657
270,1500000US131210098021,131210098021,"Block Group 1, Census Tract 98.02, Fulton County, Georgia",1941,336,132982
271,1500000US131210098022,131210098022,"Block Group 2, Census Tract 98.02, Fulton County, Georgia",2707,373,89825
272,1500000US131210099001,131210099001,"Block Group 1, Census Tract 99, Fulton County, Georgia",1532,261,63253
273,1500000US131210099002,131210099002,"Block Group 2, Census Tract 99, Fulton County, Georgia",1329,462,114969
274,1500000US131210099003,131210099003,"Block Group 3, Census Tract 99, Fulton County, Georgia",1259,438,144795
275,1500000US131210099004,131210099004,"Block Group 4, Census Tract 99, Fulton County, Georgia",860,270,183091
276,1500000US131210100011,131210100011,"Block Group 1, Census Tract 100.01, Fulton County, Georgia",1689,381,101307
277,1500000US131210100012,131210100012,"Block Group 2, Census Tract 100.01, Fulton County, Georgia",951,401,73772
278,1500000US131210100013,131210100013,"Block Group 3, Census Tract 100.01, Fulton County, Georgia",849,274,100666
279,1500000US131210100014,131210100014,"Block Group 4, Census Tract 100.01, Fulton County, Georgia",1446,331,82937
280,1500000US131210100021,131210100021,"Block Group 1, Census Tract 100.02, Fulton County, Georgia",1709,254,119476
281,1500000US131210100022,131210100022,"Block Group 2, Census Tract 100.02, Fulton County, Georgia",1622,302,91994
282,1500000US131210100023,131210100023,"Block Group 3, Census Tract 100.02, Fulton County, Georgia",4293,630,97608
283,1500000US131210101061,131210101061,"Block Group 1, Census Tract 101.06, Fulton County, Georgia",2239,364,65588
284,1500000US131210101062,131210101062,"Block Group 2, Census Tract 101.06, Fulton County, Georgia",1053,397,25301
285,1500000US131210101063,131210101063,"Block Group 3, Census Tract 101.06, Fulton County, Georgia",1090,314,84439
286,1500000US131210101071,131210101071,"Block Group 1, Census Tract 101.07, Fulton County, Georgia",1007,152,100418
287,1500000US131210101072,131210101072,"Block Group 2, Census Tract 101.07, Fulton County, Georgia",997,175,76194
288,1500000US131210101081,131210101081,"Block Group 1, Census Tract 101.08, Fulton County, Georgia",1045,154,108331
289,1500000US131210101082,131210101082,"Block Group 2, Census Tract 101.08, Fulton County, Georgia",2617,348,75749
290,1500000US131210101101,131210101101,"Block Group 1, Census Tract 101.10, Fulton County, Georgia",3118,546,60690
291,1500000US131210101102,131210101102,"Block Group 2, Census Tract 101.10, Fulton County, Georgia",1423,447,48682
292,1500000US131210101103,131210101103,"Block Group 3, Census Tract 101.10, Fulton County, Georgia",2127,550,31739
293,1500000US131210101131,131210101131,"Block Group 1, Census Tract 101.13, Fulton County, Georgia",1668,475,75106
294,1500000US131210101132,131210101132,"Block Group 2, Census Tract 101.13, Fulton County, Georgia",2348,664,16307
295,1500000US131210101133,131210101133,"Block Group 3, Census Tract 101.13, Fulton County, Georgia",1323,471,47288
296,1500000US131210101141,131210101141,"Block Group 1, Census Tract 101.14, Fulton County, Georgia",1221,350,56191
297,1500000US131210101142,131210101142,"Block Group 2, Census Tract 101.14, Fulton County, Georgia",2653,781,62671
298,1500000US131210101143,131210101143,"Block Group 3, Census Tract 101.14, Fulton County, Georgia",2864,783,55081
299,1500000US131210101151,131210101151,"Block Group 1, Census Tract 101.15, Fulton County, Georgia",2526,284,74078
300,1500000US131210101171,131210101171,"Block Group 1, Census Tract 101.17, Fulton County, Georgia",2736,391,26008
301,1500000US131210101172,131210101172,"Block Group 2, Census Tract 101.17, Fulton County, Georgia",1233,216,42483
302,1500000US131210101181,131210101181,"Block Group 1, Census Tract 101.18, Fulton County, Georgia",2799,723,35770
303,1500000US131210101182,131210101182,"Block Group 2, Census Tract 101.18, Fulton County, Georgia",1293,520,20403
304,1500000US131210101183,131210101183,"Block Group 3, Census Tract 101.18, Fulton County, Georgia",1936,603,15287
305,1500000US131210101191,131210101191,"Block Group 1, Census Tract 101.19, Fulton County, Georgia",1455,342,39931
306,1500000US131210101192,131210101192,"Block Group 2, Census Tract 101.19, Fulton County, Georgia",2124,724,14742
307,1500000US131210101193,131210101193,"Block Group 3, Census Tract 101.19, Fulton County, Georgia",1735,549,21230
308,1500000US131210101201,131210101201,"Block Group 1, Census Tract 101.20, Fulton County, Georgia",2486,213,42257
309,1500000US131210101211,131210101211,"Block Group 1, Census Tract 101.21, Fulton County, Georgia",2200,181,59689
310,1500000US131210101221,131210101221,"Block Group 1, Census Tract 101.22, Fulton County, Georgia",2315,473,56731
311,1500000US131210101222,131210101222,"Block Group 2, Census Tract 101.22, Fulton County, Georgia",2020,465,40666
312,1500000US131210101223,131210101223,"Block Group 3, Census Tract 101.22, Fulton County, Georgia",2300,577,39832
313,1500000US131210101231,131210101231,"Block Group 1, Census Tract 101.23, Fulton County, Georgia",2499,606,34801
314,1500000US131210101232,131210101232,"Block Group 2, Census Tract 101.23, Fulton County, Georgia",1281,489,59606
315,1500000US131210101233,131210101233,"Block Group 3, Census Tract 101.23, Fulton County, Georgia",1360,391,32793
316,1500000US131210102041,131210102041,"Block Group 1, Census Tract 102.04, Fulton County, Georgia",981,199,56076
317,1500000US131210102042,131210102042,"Block Group 2, Census Tract 102.04, Fulton County, Georgia",2205,265,65132
318,1500000US131210102043,131210102043,"Block Group 3, Census Tract 102.04, Fulton County, Georgia",1238,240,96539
319,1500000US131210102044,131210102044,"Block Group 4, Census Tract 102.04, Fulton County, Georgia",651,235,68790
320,1500000US131210102051,131210102051,"Block Group 1, Census Tract 102.05, Fulton County, Georgia",817,228,53907
321,1500000US131210102052,131210102052,"Block Group 2, Census Tract 102.05, Fulton County, Georgia",941,358,58886
322,1500000US131210102053,131210102053,"Block Group 3, Census Tract 102.05, Fulton County, Georgia",2111,351,81373
323,1500000US131210102054,131210102054,"Block Group 4, Census Tract 102.05, Fulton County, Georgia",1282,371,70998
324,1500000US131210102061,131210102061,"Block Group 1, Census Tract 102.06, Fulton County, Georgia",2322,347,129830
325,1500000US131210102062,131210102062,"Block Group 2, Census Tract 102.06, Fulton County, Georgia",1829,285,104005
326,1500000US131210102063,131210102063,"Block Group 3, Census Tract 102.06, Fulton County, Georgia",1729,256,99858
327,1500000US131210102081,131210102081,"Block Group 1, Census Tract 102.08, Fulton County, Georgia",2112,399,63173
328,1500000US131210102082,131210102082,"Block Group 2, Census Tract 102.08, Fulton County, Georgia",637,352,23287
329,1500000US131210102083,131210102083,"Block Group 3, Census Tract 102.08, Fulton County, Georgia",1946,494,35939
330,1500000US131210102091,131210102091,"Block Group 1, Census Tract 102.09, Fulton County, Georgia",1303,460,33887
331,1500000US131210102092,131210102092,"Block Group 2, Census Tract 102.09, Fulton County, Georgia",1095,326,71302
332,1500000US131210102093,131210102093,"Block Group 3, Census Tract 102.09, Fulton County, Georgia",3438,639,35852
333,1500000US131210102101,131210102101,"Block Group 1, Census Tract 102.10, Fulton County, Georgia",1660,468,38322
334,1500000US131210102102,131210102102,"Block Group 2, Census Tract 102.10, Fulton County, Georgia",2847,546,58204
335,1500000US131210102103,131210102103,"Block Group 3, Census Tract 102.10, Fulton County, Georgia",1919,355,50353
336,1500000US131210102111,131210102111,"Block Group 1, Census Tract 102.11, Fulton County, Georgia",1201,235,95413
337,1500000US131210102112,131210102112,"Block Group 2, Census Tract 102.11, Fulton County, Georgia",1537,289,83508
338,1500000US131210102121,131210102121,"Block Group 1, Census Tract 102.12, Fulton County, Georgia",2268,627,11642
339,1500000US131210102122,131210102122,"Block Group 2, Census Tract 102.12, Fulton County, Georgia",706,173,135947
340,1500000US131210102123,131210102123,"Block Group 3, Census Tract 102.12, Fulton County, Georgia",2358,471,57848
341,1500000US131210103011,131210103011,"Block Group 1, Census Tract 103.01, Fulton County, Georgia",11220,1695,28060
342,1500000US131210103012,131210103012,"Block Group 2, Census Tract 103.01, Fulton County, Georgia",6738,1400,23228
343,1500000US131210103031,131210103031,"Block Group 1, Census Tract 103.03, Fulton County, Georgia",3359,713,24114
344,1500000US131210103032,131210103032,"Block Group 2, Census Tract 103.03, Fulton County, Georgia",7222,1015,38911
345,1500000US131210103041,131210103041,"Block Group 1, Census Tract 103.04, Fulton County, Georgia",5100,1074,35933
346,1500000US131210103042,131210103042,"Block Group 2, Census Tract 103.04, Fulton County, Georgia",10985,1497,29695
347,1500000US131210104001,131210104001,"Block Group 1, Census Tract 104, Fulton County, Georgia",1882,391,25832
348,1500000US131210104002,131210104002,"Block Group 2, Census Tract 104, Fulton County, Georgia",1598,441,34393
349,1500000US131210104003,131210104003,"Block Group 3, Census Tract 104, Fulton County, Georgia",3673,611,17982
350,1500000US131210104004,131210104004,"Block Group 4, Census Tract 104, Fulton County, Georgia",1137,357,20587
351,1500000US131210105071,131210105071,"Block Group 1, Census Tract 105.07, Fulton County, Georgia",2282,610,15787
352,1500000US131210105072,131210105072,"Block Group 2, Census Tract 105.07, Fulton County, Georgia",1266,608,16962
353,1500000US131210105073,131210105073,"Block Group 3, Census Tract 105.07, Fulton County, Georgia",2725,784,19564
354,1500000US131210105074,131210105074,"Block Group 4, Census Tract 105.07, Fulton County, Georgia",1917,557,20305
355,1500000US131210105081,131210105081,"Block Group 1, Census Tract 105.08, Fulton County, Georgia",3503,518,23322
356,1500000US131210105101,131210105101,"Block Group 1, Census Tract 105.10, Fulton County, Georgia",2988,1218,16591
357,1500000US131210105102,131210105102,"Block Group 2, Census Tract 105.10, Fulton County, Georgia",1684,730,15606
358,1500000US131210105103,131210105103,"Block Group 3, Census Tract 105.10, Fulton County, Georgia",7809,1483,20719
359,1500000US131210105104,131210105104,"Block Group 4, Census Tract 105.10, Fulton County, Georgia",2225,1062,32329
360,1500000US131210105111,131210105111,"Block Group 1, Census Tract 105.11, Fulton County, Georgia",1953,494,38977
361,1500000US131210105112,131210105112,"Block Group 2, Census Tract 105.11, Fulton County, Georgia",5229,1073,19943
362,1500000US131210105113,131210105113,"Block Group 3, Census Tract 105.11, Fulton County, Georgia",532,262,27650
363,1500000US131210105121,131210105121,"Block Group 1, Census Tract 105.12, Fulton County, Georgia",2518,742,20717
364,1500000US131210105122,131210105122,"Block Group 2, Census Tract 105.12, Fulton County, Georgia",1627,409,13673
365,1500000US131210105123,131210105123,"Block Group 3, Census Tract 105.12, Fulton County, Georgia",2352,620,13793
366,1500000US131210105131,131210105131,"Block Group 1, Census Tract 105.13, Fulton County, Georgia",4507,1336,21229
367,1500000US131210105132,131210105132,"Block Group 2, Census Tract 105.13, Fulton County, Georgia",2436,657,20730
368,1500000US131210105133,131210105133,"Block Group 3, Census Tract 105.13, Fulton County, Georgia",6360,1352,18789
369,1500000US131210105141,131210105141,"Block Group 1, Census Tract 105.14, Fulton County, Georgia",4739,1225,25183
370,1500000US131210105142,131210105142,"Block Group 2, Census Tract 105.14, Fulton County, Georgia",4795,1062,30139
371,1500000US131210105143,131210105143,"Block Group 3, Census Tract 105.14, Fulton County, Georgia",4029,1562,16241
372,1500000US131210105151,131210105151,"Block Group 1, Census Tract 105.15, Fulton County, Georgia",5553,595,20701
373,1500000US131210105161,131210105161,"Block Group 1, Census Tract 105.16, Fulton County, Georgia",2644,684,18641
374,1500000US131210105162,131210105162,"Block Group 2, Census Tract 105.16, Fulton County, Georgia",4676,876,20624
375,1500000US131210105163,131210105163,"Block Group 3, Census Tract 105.16, Fulton County, Georgia",2104,1031,11405
376,1500000US131210106011,131210106011,"Block Group 1, Census Tract 106.01, Fulton County, Georgia",774,178,43625
377,1500000US131210106012,131210106012,"Block Group 2, Census Tract 106.01, Fulton County, Georgia",1197,393,6524
378,1500000US131210106013,131210106013,"Block Group 3, Census Tract 106.01, Fulton County, Georgia",628,234,30205
379,1500000US131210106014,131210106014,"Block Group 4, Census Tract 106.01, Fulton County, Georgia",1004,314,26395
380,1500000US131210106031,131210106031,"Block Group 1, Census Tract 106.03, Fulton County, Georgia",848,354,11855
381,1500000US131210106032,131210106032,"Block Group 2, Census Tract 106.03, Fulton County, Georgia",2525,519,14049
382,1500000US131210106033,131210106033,"Block Group 3, Census Tract 106.03, Fulton County, Georgia",840,352,13752
383,1500000US131210106041,131210106041,"Block Group 1, Census Tract 106.04, Fulton County, Georgia",792,231,17443
384,1500000US131210106042,131210106042,"Block Group 2, Census Tract 106.04, Fulton County, Georgia",234,121,26744
385,1500000US131210106043,131210106043,"Block Group 3, Census Tract 106.04, Fulton County, Georgia",1872,429,24001
386,1500000US131210108001,131210108001,"Block Group 1, Census Tract 108, Fulton County, Georgia",788,477,13816
387,1500000US131210108002,131210108002,"Block Group 2, Census Tract 108, Fulton County, Georgia",858,457,20959
388,1500000US131210108003,131210108003,"Block Group 3, Census Tract 108, Fulton County, Georgia",1969,627,33051
389,1500000US131210108004,131210108004,"Block Group 4, Census Tract 108, Fulton County, Georgia",1600,665,16155
390,1500000US131210108005,131210108005,"Block Group 5, Census Tract 108, Fulton County, Georgia",622,278,22635
391,1500000US131210108006,131210108006,"Block Group 6, Census Tract 108, Fulton County, Georgia",785,456,19341
392,1500000US131210110001,131210110001,"Block Group 1, Census Tract 110, Fulton County, Georgia",766,279,13811
393,1500000US131210110002,131210110002,"Block Group 2, Census Tract 110, Fulton County, Georgia",1006,427,26155
394,1500000US131210110003,131210110003,"Block Group 3, Census Tract 110, Fulton County, Georgia",1224,372,14036
395,1500000US131210110004,131210110004,"Block Group 4, Census Tract 110, Fulton County, Georgia",379,203,24911
396,1500000US131210111001,131210111001,"Block Group 1, Census Tract 111, Fulton County, Georgia",512,159,44145
397,1500000US131210111002,131210111002,"Block Group 2, Census Tract 111, Fulton County, Georgia",1172,297,29138
398,1500000US131210111003,131210111003,"Block Group 3, Census Tract 111, Fulton County, Georgia",736,274,33034
399,1500000US131210112011,131210112011,"Block Group 1, Census Tract 112.01, Fulton County, Georgia",1576,357,15171
400,1500000US131210112012,131210112012,"Block Group 2, Census Tract 112.01, Fulton County, Georgia",818,258,18923
401,1500000US131210112013,131210112013,"Block Group 3, Census Tract 112.01, Fulton County, Georgia",1482,456,20111
402,1500000US131210112021,131210112021,"Block Group 1, Census Tract 112.02, Fulton County, Georgia",414,172,41894
403,1500000US131210112022,131210112022,"Block Group 2, Census Tract 112.02, Fulton County, Georgia",584,269,25015
404,1500000US131210112023,131210112023,"Block Group 3, Census Tract 112.02, Fulton County, Georgia",1137,339,20102
405,1500000US131210112024,131210112024,"Block Group 4, Census Tract 112.02, Fulton County, Georgia",521,169,25520
406,1500000US131210112025,131210112025,"Block Group 5, Census Tract 112.02, Fulton County, Georgia",940,276,11294
407,1500000US131210112026,131210112026,"Block Group 6, Census Tract 112.02, Fulton County, Georgia",573,228,16222
408,1500000US131210113011,131210113011,"Block Group 1, Census Tract 113.01, Fulton County, Georgia",884,303,26885
409,1500000US131210113012,131210113012,"Block Group 2, Census Tract 113.01, Fulton County, Georgia",560,318,20241
410,1500000US131210113013,131210113013,"Block Group 3, Census Tract 113.01, Fulton County, Georgia",671,260,26091
411,1500000US131210113014,131210113014,"Block Group 4, Census Tract 113.01, Fulton County, Georgia",1204,400,20260
412,1500000US131210113015,131210113015,"Block Group 5, Census Tract 113.01, Fulton County, Georgia",515,197,34030
413,1500000US131210113016,131210113016,"Block Group 6, Census Tract 113.01, Fulton County, Georgia",644,273,20108
414,1500000US131210113031,131210113031,"Block Group 1, Census Tract 113.03, Fulton County, Georgia",3843,668,34921
415,1500000US131210113032,131210113032,"Block Group 2, Census Tract 113.03, Fulton County, Georgia",1342,534,18773
416,1500000US131210113033,131210113033,"Block Group 3, Census Tract 113.03, Fulton County, Georgia",480,183,25297
417,1500000US131210113034,131210113034,"Block Group 4, Census Tract 113.03, Fulton County, Georgia",769,414,10185
418,1500000US131210113035,131210113035,"Block Group 5, Census Tract 113.03, Fulton County, Georgia",2921,846,12389
419,1500000US131210113051,131210113051,"Block Group 1, Census Tract 113.05, Fulton County, Georgia",1002,265,22919
420,1500000US131210113052,131210113052,"Block Group 2, Census Tract 113.05, Fulton County, Georgia",2717,485,14665
421,1500000US131210113053,131210113053,"Block Group 3, Census Tract 113.05, Fulton County, Georgia",1744,498,9821
422,1500000US131210113061,131210113061,"Block Group 1, Census Tract 113.06, Fulton County, Georgia",1150,264,15391
423,1500000US131210113062,131210113062,"Block Group 2, Census Tract 113.06, Fulton County, Georgia",1206,254,24505
424,1500000US131210114051,131210114051,"Block Group 1, Census Tract 114.05, Fulton County, Georgia",1880,502,37080
425,1500000US131210114052,131210114052,"Block Group 2, Census Tract 114.05, Fulton County, Georgia",1375,435,34244
426,1500000US131210114053,131210114053,"Block Group 3, Census Tract 114.05, Fulton County, Georgia",1157,377,46914
427,1500000US131210114054,131210114054,"Block Group 4, Census Tract 114.05, Fulton County, Georgia",2963,620,27493
428,1500000US131210114101,131210114101,"Block Group 1, Census Tract 114.10, Fulton County, Georgia",2652,532,56765
429,1500000US131210114102,131210114102,"Block Group 2, Census Tract 114.10, Fulton County, Georgia",2315,485,70234
430,1500000US131210114103,131210114103,"Block Group 3, Census Tract 114.10, Fulton County, Georgia",1899,455,56618
431,1500000US131210114111,131210114111,"Block Group 1, Census Tract 114.11, Fulton County, Georgia",3395,555,34861
432,1500000US131210114112,131210114112,"Block Group 2, Census Tract 114.11, Fulton County, Georgia",814,221,54482
433,1500000US131210114113,131210114113,"Block Group 3, Census Tract 114.11, Fulton County, Georgia",2056,725,28911
434,1500000US131210114114,131210114114,"Block Group 4, Census Tract 114.11, Fulton County, Georgia",1061,391,48420
435,1500000US131210114115,131210114115,"Block Group 5, Census Tract 114.11, Fulton County, Georgia",958,457,54077
436,1500000US131210114121,131210114121,"Block Group 1, Census Tract 114.12, Fulton County, Georgia",4383,680,45021
437,1500000US131210114122,131210114122,"Block Group 2, Census Tract 114.12, Fulton County, Georgia",1830,422,51937
438,1500000US131210114123,131210114123,"Block Group 3, Census Tract 114.12, Fulton County, Georgia",3001,573,37583
439,1500000US131210114141,131210114141,"Block Group 1, Census Tract 114.14, Fulton County, Georgia",3263,687,23830
440,1500000US131210114142,131210114142,"Block Group 2, Census Tract 114.14, Fulton County, Georgia",815,452,45741
441,1500000US131210114143,131210114143,"Block Group 3, Census Tract 114.14, Fulton County, Georgia",2278,532,54867
442,1500000US131210114144,131210114144,"Block Group 4, Census Tract 114.14, Fulton County, Georgia",1663,462,33878
443,1500000US131210114161,131210114161,"Block Group 1, Census Tract 114.16, Fulton County, Georgia",2353,354,57231
444,1500000US131210114162,131210114162,"Block Group 2, Census Tract 114.16, Fulton County, Georgia",1806,408,40589
445,1500000US131210114163,131210114163,"Block Group 3, Census Tract 114.16, Fulton County, Georgia",1185,329,52705
446,1500000US131210114171,131210114171,"Block Group 1, Census Tract 114.17, Fulton County, Georgia",1574,374,50486
447,1500000US131210114172,131210114172,"Block Group 2, Census Tract 114.17, Fulton County, Georgia",1472,324,53579
448,1500000US131210114173,131210114173,"Block Group 3, Census Tract 114.17, Fulton County, Georgia",1376,286,36094
449,1500000US131210114174,131210114174,"Block Group 4, Census Tract 114.17, Fulton County, Georgia",725,275,51720
450,1500000US131210114181,131210114181,"Block Group 1, Census Tract 114.18, Fulton County, Georgia",1116,458,48898
451,1500000US131210114182,131210114182,"Block Group 2, Census Tract 114.18, Fulton County, Georgia",764,271,36941
452,1500000US131210114183,131210114183,"Block Group 3, Census Tract 114.18, Fulton County, Georgia",1455,291,63786
453,1500000US131210114184,131210114184,"Block Group 4, Census Tract 114.18, Fulton County, Georgia",3100,499,58612
454,1500000US131210114191,131210114191,"Block Group 1, Census Tract 114.19, Fulton County, Georgia",1424,274,77294
455,1500000US131210114192,131210114192,"Block Group 2, Census Tract 114.19, Fulton County, Georgia",1704,303,46560
456,1500000US131210114193,131210114193,"Block Group 3, Census Tract 114.19, Fulton County, Georgia",2299,342,68777
457,1500000US131210114201,131210114201,"Block Group 1, Census Tract 114.20, Fulton County, Georgia",1595,473,13766
458,1500000US131210114202,131210114202,"Block Group 2, Census Tract 114.20, Fulton County, Georgia",4182,837,14963
459,1500000US131210114203,131210114203,"Block Group 3, Census Tract 114.20, Fulton County, Georgia",2532,758,18172
460,1500000US131210114211,131210114211,"Block Group 1, Census Tract 114.21, Fulton County, Georgia",2723,485,29503
461,1500000US131210114212,131210114212,"Block Group 2, Census Tract 114.21, Fulton County, Georgia",1728,363,15607
462,1500000US131210114221,131210114221,"Block Group 1, Census Tract 114.22, Fulton County, Georgia",2716,369,38720
463,1500000US131210114222,131210114222,"Block Group 2, Census Tract 114.22, Fulton County, Georgia",1198,237,47638
464,1500000US131210114231,131210114231,"Block Group 1, Census Tract 114.23, Fulton County, Georgia",898,194,40142
465,1500000US131210114232,131210114232,"Block Group 2, Census Tract 114.23, Fulton County, Georgia",1451,239,67748
466,1500000US131210114233,131210114233,"Block Group 3, Census Tract 114.23, Fulton County, Georgia",1353,250,59971
467,1500000US131210114234,131210114234,"Block Group 4, Census Tract 114.23, Fulton County, Georgia",1234,246,52663
468,1500000US131210114241,131210114241,"Block Group 1, Census Tract 114.24, Fulton County, Georgia",4342,508,51044
469,1500000US131210114242,131210114242,"Block Group 2, Census Tract 114.24, Fulton County, Georgia",1533,352,47614
470,1500000US131210114251,131210114251,"Block Group 1, Census Tract 114.25, Fulton County, Georgia",2109,399,89569
471,1500000US131210114252,131210114252,"Block Group 2, Census Tract 114.25, Fulton County, Georgia",3667,555,66818
472,1500000US131210114253,131210114253,"Block Group 3, Census Tract 114.25, Fulton County, Georgia",1593,415,106731
473,1500000US131210114261,131210114261,"Block Group 1, Census Tract 114.26, Fulton County, Georgia",2461,200,41612
474,1500000US131210114271,131210114271,"Block Group 1, Census Tract 114.27, Fulton County, Georgia",2454,439,42851
475,1500000US131210114272,131210114272,"Block Group 2, Census Tract 114.27, Fulton County, Georgia",3242,627,38259
476,1500000US131210114273,131210114273,"Block Group 3, Census Tract 114.27, Fulton County, Georgia",2251,391,64495
477,1500000US131210115031,131210115031,"Block Group 1, Census Tract 115.03, Fulton County, Georgia",2773,599,50358
478,1500000US131210115032,131210115032,"Block Group 2, Census Tract 115.03, Fulton County, Georgia",2255,493,67322
479,1500000US131210115033,131210115033,"Block Group 3, Census Tract 115.03, Fulton County, Georgia",5783,589,59024
480,1500000US131210115041,131210115041,"Block Group 1, Census Tract 115.04, Fulton County, Georgia",3340,484,73537
481,1500000US131210115042,131210115042,"Block Group 2, Census Tract 115.04, Fulton County, Georgia",2806,602,105538
482,1500000US131210115043,131210115043,"Block Group 3, Census Tract 115.04, Fulton County, Georgia",3750,516,69168
483,1500000US131210115044,131210115044,"Block Group 4, Census Tract 115.04, Fulton County, Georgia",3357,506,64109
484,1500000US131210115051,131210115051,"Block Group 1, Census Tract 115.05, Fulton County, Georgia",2378,288,67495
485,1500000US131210115052,131210115052,"Block Group 2, Census Tract 115.05, Fulton County, Georgia",2068,306,68634
486,1500000US131210115061,131210115061,"Block Group 1, Census Tract 115.06, Fulton County, Georgia",1524,300,53845
487,1500000US131210115062,131210115062,"Block Group 2, Census Tract 115.06, Fulton County, Georgia",2556,378,68789
488,1500000US131210115063,131210115063,"Block Group 3, Census Tract 115.06, Fulton County, Georgia",1857,333,60131
489,1500000US131210116101,131210116101,"Block Group 1, Census Tract 116.10, Fulton County, Georgia",2993,337,50017
490,1500000US131210116102,131210116102,"Block Group 2, Census Tract 116.10, Fulton County, Georgia",2974,479,38479
491,1500000US131210116111,131210116111,"Block Group 1, Census Tract 116.11, Fulton County, Georgia",3176,645,37389
492,1500000US131210116112,131210116112,"Block Group 2, Census Tract 116.11, Fulton County, Georgia",1252,382,34588
493,1500000US131210116113,131210116113,"Block Group 3, Census Tract 116.11, Fulton County, Georgia",4033,849,24524
494,1500000US131210116121,131210116121,"Block Group 1, Census Tract 116.12, Fulton County, Georgia",2679,310,49009
495,1500000US131210116122,131210116122,"Block Group 2, Census Tract 116.12, Fulton County, Georgia",708,173,57486
496,1500000US131210116131,131210116131,"Block Group 1, Census Tract 116.13, Fulton County, Georgia",3820,573,38994
497,1500000US131210116132,131210116132,"Block Group 2, Census Tract 116.13, Fulton County, Georgia",3289,483,42883
498,1500000US131210116141,131210116141,"Block Group 1, Census Tract 116.14, Fulton County, Georgia",3164,717,46560
499,1500000US131210116142,131210116142,"Block Group 2, Census Tract 116.14, Fulton County, Georgia",4949,1103,39636
500,1500000US131210116143,131210116143,"Block Group 3, Census Tract 116.14, Fulton County, Georgia",5900,882,36299
501,1500000US131210116151,131210116151,"Block Group 1, Census Tract 116.15, Fulton County, Georgia",4032,541,73422
502,1500000US131210116152,131210116152,"Block Group 2, Census Tract 116.15, Fulton County, Georgia",2301,394,82803
503,1500000US131210116153,131210116153,"Block Group 3, Census Tract 116.15, Fulton County, Georgia",4094,477,41134
504,1500000US131210116161,131210116161,"Block Group 1, Census Tract 116.16, Fulton County, Georgia",2000,472,36703
505,1500000US131210116162,131210116162,"Block Group 2, Census Tract 116.16, Fulton County, Georgia",1430,387,49536
506,1500000US131210116163,131210116163,"Block Group 3, Census Tract 116.16, Fulton County, Georgia",2201,550,72698
507,1500000US131210116171,131210116171,"Block Group 1, Census Tract 116.17, Fulton County, Georgia",3276,753,69572
508,1500000US131210116172,131210116172,"Block Group 2, Census Tract 116.17, Fulton County, Georgia",1970,369,29038
509,1500000US131210116173,131210116173,"Block Group 3, Census Tract 116.17, Fulton County, Georgia",2407,433,46569
510,1500000US131210116181,131210116181,"Block Group 1, Census Tract 116.18, Fulton County, Georgia",4709,329,56837
511,1500000US131210116191,131210116191,"Block Group 1, Census Tract 116.19, Fulton County, Georgia",2258,519,27957
512,1500000US131210116192,131210116192,"Block Group 2, Census Tract 116.19, Fulton County, Georgia",2950,648,30950
513,1500000US131210116193,131210116193,"Block Group 3, Census Tract 116.19, Fulton County, Georgia",3413,539,52273
514,1500000US131210116201,131210116201,"Block Group 1, Census Tract 116.20, Fulton County, Georgia",3155,563,49458
515,1500000US131210116202,131210116202,"Block Group 2, Census Tract 116.20, Fulton County, Georgia",4749,643,62900
516,1500000US131210116203,131210116203,"Block Group 3, Census Tract 116.20, Fulton County, Georgia",2654,490,28599
517,1500000US131210116211,131210116211,"Block Group 1, Census Tract 116.21, Fulton County, Georgia",1282,357,54273
518,1500000US131210116212,131210116212,"Block Group 2, Census Tract 116.21, Fulton County, Georgia",2155,578,80650
519,1500000US131210116213,131210116213,"Block Group 3, Census Tract 116.21, Fulton County, Georgia",3563,702,62076
520,1500000US131210116221,131210116221,"Block Group 1, Census Tract 116.22, Fulton County, Georgia",3251,515,51253
521,1500000US131210116222,131210116222,"Block Group 2, Census Tract 116.22, Fulton County, Georgia",3546,644,50136
522,1500000US131210116223,131210116223,"Block Group 3, Census Tract 116.22, Fulton County, Georgia",3409,480,40199
523,1500000US131210116231,131210116231,"Block Group 1, Census Tract 116.23, Fulton County, Georgia",2961,661,40877
524,1500000US131210116232,131210116232,"Block Group 2, Census Tract 116.23, Fulton County, Georgia",4792,955,62955
525,1500000US131210116233,131210116233,"Block Group 3, Census Tract 116.23, Fulton County, Georgia",1017,612,46393
526,1500000US131210116234,131210116234,"Block Group 4, Census Tract 116.23, Fulton County, Georgia",3100,633,40569
527,1500000US131210116241,131210116241,"Block Group 1, Census Tract 116.24, Fulton County, Georgia",2377,243,59953
528,1500000US131210116242,131210116242,"Block Group 2, Census Tract 116.24, Fulton County, Georgia",1918,277,64924
529,1500000US131210116251,131210116251,"Block Group 1, Census Tract 116.25, Fulton County, Georgia",2637,584,43703
530,1500000US131210116252,131210116252,"Block Group 2, Census Tract 116.25, Fulton County, Georgia",2172,467,42467
531,1500000US131210116253,131210116253,"Block Group 3, Census Tract 116.25, Fulton County, Georgia",3082,542,43932
532,1500000US131210116261,131210116261,"Block Group 1, Census Tract 116.26, Fulton County, Georgia",5226,752,35376
533,1500000US131210116262,131210116262,"Block Group 2, Census Tract 116.26, Fulton County, Georgia",4965,877,37607
534,1500000US131210118001,131210118001,"Block Group 1, Census Tract 118, Fulton County, Georgia",219,99,19087
535,1500000US131210118002,131210118002,"Block Group 2, Census Tract 118, Fulton County, Georgia",1174,268,13614
536,1500000US131210118003,131210118003,"Block Group 3, Census Tract 118, Fulton County, Georgia",805,242,16169
537,1500000US131210119001,131210119001,"Block Group 1, Census Tract 119, Fulton County, Georgia",1120,215,27247
538,1500000US131210119002,131210119002,"Block Group 2, Census Tract 119, Fulton County, Georgia",2169,281,20782
539,1500000US131210120001,131210120001,"Block Group 1, Census Tract 120, Fulton County, Georgia",1559,441,21594
540,1500000US131210120002,131210120002,"Block Group 2, Census Tract 120, Fulton County, Georgia",1291,373,16682
541,1500000US131210123001,131210123001,"Block Group 1, Census Tract 123, Fulton County, Georgia",991,374,37529
542,1500000US131210123002,131210123002,"Block Group 2, Census Tract 123, Fulton County, Georgia",1120,425,30775
543,1500000US131210123003,131210123003,"Block Group 3, Census Tract 123, Fulton County, Georgia",488,282,52380
544,1500000US131219800001,131219800001,"Block Group 1, Census Tract 9800, Fulton County, Georgia",0,13,-
